episode,reward
1,4.263273400747625
2,5.795526811269018
3,7.298591343134833
4,3.728209605085811
5,5.042117257270722
6,3.1004136692390114
7,4.854081382384585
8,2.7508775889443475
9,7.720850240257821
10,7.800407547382138
11,2.8724315649924206
12,-3.7591627034672035
13,4.78332717732443
14,4.825127122384639
15,1.6622288509489254
16,2.198341206968613
17,2.316364227754264
18,-1.2894172653633698
19,4.141194435413649
20,4.172696655061271
21,4.734644624823882
22,5.1292872652571795
23,5.295647659612763
24,1.8002320665422702
25,4.702514318370648
26,-0.2870864664479636
27,6.707383328536134
28,8.207038685555247
29,-0.19264947460694615
30,-2.590409095353394
31,3.846694652128746
32,6.219619679029034
33,6.6256169791925945
34,1.8499263312078618
35,6.762132899771767
36,1.8250387867189086
37,-0.8738591873668149
38,1.7117253570626367
39,7.22124959127286
40,-2.3487654111042584
41,5.870419790036564
42,5.770097327643396
43,-0.27494255501632825
44,8.241723152262148
45,1.850079395267493
46,1.7050131775147759
47,-0.25668875446944006
48,5.244991570016827
49,4.19707650497377
50,6.3135442687598085
51,1.7706695645425157
52,6.720508918780714
53,2.15552797252012
54,3.743082935595412
55,6.163875011693034
56,-0.27269770490083756
57,3.7317602590389756
58,4.655355577845944
59,4.666320634696995
60,7.326640650793143
61,4.334752285523237
62,4.252418433507552
63,6.841818002770691
64,6.249637267886369
65,8.827501984004268
66,6.7055403844059445
67,6.344752110684928
68,6.205687050144494
69,0.797796272464447
70,5.656241887862132
71,2.773238198514373
72,4.432395839599163
73,4.18986639297259
74,4.196431546347767
75,2.7857284822311295
76,6.182678529665749
77,8.285455788041503
78,4.843842327042155
79,4.2604885866576785
80,5.1674960924595394
81,4.251183040601513
82,6.282198899403982
83,0.28787507018337855
84,2.3218490465681825
85,4.0654725111798555
86,6.141741342058489
87,5.616290415210004
88,7.077572631325094
89,8.782162454501332
90,8.32230786553874
91,1.7750736472579327
92,0.3403508722508255
93,5.628999785174203
94,3.6207621829641825
95,6.355107943494032
96,4.195248039699221
97,0.8264142751106597
98,0.8011123827681629
99,4.198284841290801
100,4.2483283429515595
101,8.305002002888171
102,6.134535034276677
103,2.3358896532189117
104,5.8399745871273545
105,2.1246701938089076
106,8.165631907460382
107,4.145028404209085
108,0.7310474180855877
109,6.284618851843372
110,-0.7654163011967388
111,0.6782108777511089
112,6.277355616694092
113,4.313675853547879
114,4.093706349310321
115,4.382122799377626
116,-1.3179389909633437
117,2.230831611290017
118,2.188133640243713
119,6.186460262572036
120,0.7141160847063219
121,6.662472102673358
122,6.799336956189931
123,8.189792902347051
124,8.179556344310392
125,-4.807584462425094
126,4.163607737903178
127,-1.7366139019598232
128,4.365391678312376
129,4.366990716890363
130,4.3227191663977
131,6.670692590259686
132,7.191023219756643
133,4.312847737813232
134,6.736687815151615
135,6.256618410595727
136,4.326200940412495
137,3.34644679321228
138,7.716178244941773
139,5.842487930293808
140,5.757198362663178
141,3.808111661580236
142,8.254553223244397
143,6.276653203165926
144,8.209723548136953
145,-1.7264542397333402
146,4.147232362547452
147,0.24662748715022131
148,6.379650036929933
149,6.308275952410453
150,4.452863096301378
151,6.750263772241706
152,4.668990369695537
153,8.225619688726837
154,3.8612602931055404
155,3.691893476377009
156,2.229225503963706
157,6.2971593467511635
158,6.2351847825987985
159,3.8157402954008983
160,7.817355338185157
161,7.169570344126617
162,-2.757763432016121
163,5.902899007405538
164,5.6608822164204895
165,1.6033686676963539
166,6.177625578545273
167,2.2128652944505416
168,7.752325551283906
169,-2.253936802471131
170,8.115158152034013
171,5.788742444376313
172,5.960211409456157
173,4.240134329285792
174,6.720638937429671
175,2.2292320942197703
176,7.916651938328865
177,4.291943135344871
178,4.1983467842679705
179,4.182753679297061
180,8.234882593938323
181,6.812463693119727
182,2.1802671799049174
183,6.264067361001985
184,4.138177852109338
185,4.281093237693647
186,6.359928331147032
187,8.215300783259437
188,8.684399126390154
189,2.379613746826255
190,8.220329111423643
191,5.744528784301955
192,5.301109258921024
193,-0.2545681820798559
194,2.1976944000546976
195,5.139567664200558
196,-1.6956222621026273
197,2.296074705316026
198,5.623243233459816
199,6.301748701942917
200,5.7689428772621865
201,5.821822329224909
202,1.8164550024409278
203,6.261862012272244
204,6.374191118928145
205,1.91386466467758
206,3.7083790216112247
207,5.772579112832019
208,6.16809383500013
209,5.240474583080198
210,2.3808401333891913
211,-3.731731439813029
212,6.284504760850734
213,6.097389059412812
214,-9.121989424537913
215,6.797123432869388
216,-3.2283810042133068
217,6.696862572280123
218,8.339677945115097
219,8.259499741349952
220,8.26132027458761
221,5.251791272637244
222,6.255547147557089
223,7.717020817477454
224,4.350890919837414
225,5.758025536357616
226,6.7797034703664565
227,7.846153762199698
228,3.708133558564413
229,4.2816352594009235
230,6.28401617534257
231,4.266458347014263
232,4.088350775121824
233,2.3057260975101417
234,8.192744938967738
235,6.600693763941442
236,6.2044634944847346
237,3.1905862622160375
238,4.0315808018478485
239,4.0794299343335
240,6.209205791037209
241,4.217003429800387
242,1.7150446934108194
243,6.215049251754534
244,2.3240028705434206
245,8.293593311420887
246,4.172349636279567
247,4.68673037260352
248,3.68067439987952
249,6.226763998526797
250,6.158246706670489
251,6.235564275882721
252,4.679115154071738
253,4.252242636961098
254,6.735116238493244
255,7.717483702838236
256,0.3194187266266535
257,2.2394056825057023
258,2.2197750581539237
259,0.3007613537095417
260,6.1557350054887
261,3.324199229022155
262,4.208577690526424
263,4.306342727104036
264,0.7553099016891285
265,8.439846526763034
266,6.756623993996162
267,8.22395915560582
268,7.87266303652088
269,5.843321944692709
270,7.932798591274103
271,6.249437595679964
272,5.920019432482037
273,1.6993193408954947
274,3.856500220681032
275,4.177638328053676
276,0.23693404014216402
277,3.2980462411223788
278,2.7453687124163073
279,3.8559050274478164
280,-2.323913238707582
281,3.749376806465696
282,2.182556968410598
283,4.430040976131229
284,6.272535611264389
285,1.2719738993216025
286,2.2389020169091123
287,6.775698896248422
288,2.678570768915804
289,6.315076932165669
290,3.823676071622569
291,3.1518171880652
292,5.756346875422192
293,-3.2883686700929586
294,4.7532921438999605
295,-2.8864536284047766
296,2.2935837410045887
297,8.164167624694596
298,4.250762448998246
299,6.245528875491794
300,1.677692839590588
301,0.2500839705706668
302,2.317773357413964
303,3.8264063796016012
304,1.8822282410981415
305,5.764034713580017
306,4.227614268025254
307,2.376906029323112
308,1.7086224081272443
309,-0.790906438288548
310,8.313831603338944
311,2.2379407138577045
312,4.170042978638753
313,5.704747197145296
314,3.7717894234826983
315,6.156271336205816
316,5.872643530667341
317,-0.4352864744246072
318,8.291714750918029
319,-2.7033315188442604
320,6.115470868026899
321,6.317048366141186
322,3.68020996950605
323,6.670106800324748
324,0.2923218556387476
325,1.8232926395643108
326,2.2741487670607703
327,6.228169210281896
328,2.3074720268003244
329,4.392238004250044
330,6.094766487982949
331,-0.3751531241046323
332,6.227551857674228
333,2.248987955703171
334,5.707603022781967
335,3.4151875398862583
336,4.273663602766652
337,2.082116832158272
338,1.0833403183539059
339,6.2527625405730225
340,2.2216214859366286
341,5.796814393117713
342,8.229389355201327
343,2.307337025945511
344,4.302524155379523
345,-2.313555642276388
346,4.248266049074804
347,5.2000711774534105
348,3.771547598797423
349,0.6868469525478886
350,7.266627095663829
351,3.2759904798565187
352,5.310488963235265
353,2.215329873323613
354,2.349085738558985
355,4.276188680494781
356,6.289460066406554
357,4.796176636648305
358,3.693109116799736
359,5.227136892763909
360,7.791292227719897
361,4.736166905216912
362,3.7108956064735263
363,6.195389030397393
364,2.399817460642948
365,1.746814779941718
366,2.1064408312129332
367,3.893020138806336
368,4.157112025907107
369,2.328118879909465
370,-3.6931996105337053
371,6.291678266347726
372,2.13320977731175
373,2.210246041033605
374,3.6775093951514126
375,4.250885456959978
376,3.7561067575232134
377,2.6843914842476653
378,6.289409550963324
379,6.1810339583992455
380,-0.4125531057012666
381,8.181362644057586
382,4.296235764760587
383,4.274963090473227
384,1.6714175249410381
385,4.2818782406847005
386,6.185051435427125
387,2.2197198768415793
388,4.713411459720746
389,2.2448577470583526
390,0.6961913754115039
391,6.76321062116386
392,0.12309624508062056
393,6.8511825800482375
394,6.231413617993637
395,-1.794481806408551
396,4.319673842864814
397,8.290693110707036
398,4.275025015379102
399,2.313795489249261
400,8.344413587020728
401,6.226706422790068
402,2.139207058272369
403,5.354766518242532
404,8.273367027364348
405,-1.6870106006079335
406,4.297657640816789
407,6.8474221608098995
408,5.296196585747257
409,1.7784338312257841
410,5.274791451702951
411,6.743476686318691
412,4.138736180769319
413,1.7210764953058029
414,6.24456372709774
415,4.1471775723584
416,6.658757929054126
417,6.23875600425788
418,4.209900415863496
419,6.192591426871256
420,-0.3489025124564733
421,7.644672903288484
422,4.288335852498277
423,6.38590596803753
424,8.215888711984599
425,6.192730143200182
426,6.236498918879004
427,6.251795150327521
428,5.757978951156508
429,2.1725826882632617
430,6.2235507045707035
431,4.350475107937553
432,3.7289446333617198
433,2.220867867267942
434,4.658953574052957
435,3.6858913184306012
436,4.717694805394273
437,3.7448418351979647
438,5.827324646637113
439,7.269729154050488
440,6.283806776032877
441,1.7431837862428883
442,1.8138007544563646
443,-2.3014649780354723
444,4.226501165224759
445,6.359731879174001
446,4.676658859989424
447,6.112589702449299
448,6.74512062229123
449,5.88093024036368
450,8.358336916076944
451,4.140730047143692
452,4.286342107826645
453,4.242821205852898
454,6.308423821506666
455,4.270339554455606
456,2.1988688687234625
457,1.8631104975430646
458,6.2853831213172064
459,2.7043426991726918
460,4.685227393220744
461,3.663088961153911
462,0.6824939426577442
463,6.25342703394918
464,6.335106878742938
465,4.819552946699142
466,4.2390416419737535
467,8.361240207462615
468,2.269091359241556
469,8.299607893632393
470,2.232251280442978
471,2.3011430152057386
472,8.149482427401853
473,5.773944577417202
474,4.337564107505807
475,6.771735845183172
476,3.1420568173029495
477,4.389601187521635
478,2.2391468516533948
479,7.804334546146413
480,8.410937548814358
481,4.312987812606901
482,4.256348651982526
483,4.73683649274575
484,8.232255950705463
485,4.2998503422009575
486,2.312254196556178
487,2.0256504045169645
488,1.795176484111767
489,1.781769705357188
490,8.337316514227828
491,2.3171537167932965
492,2.3229700863607206
493,8.322458449708355
494,6.039346523818876
495,0.1884969678099484
496,6.849423745517513
497,5.80228354640417
498,6.178689251033115
499,6.195352868743126
500,6.1421214237622275
501,2.754599115568138
502,8.269716796404502
503,3.6681369069875283
504,0.34882681675515004
505,4.16838947734495
506,6.740740356762707
507,8.243415780694058
508,7.792994349728604
509,6.731201153903661
510,8.328982254983101
511,6.766020050151079
512,8.3274803392693
513,2.2223953114657338
514,6.239195647337371
515,6.207350197388026
516,3.1486748054743625
517,6.215805270607229
518,3.804404874089885
519,4.209475179332539
520,8.665000335969763
521,3.316340770696101
522,1.6089952426688536
523,6.202005515474609
524,5.679473716362755
525,3.2401585021729904
526,6.342053605927475
527,8.215751930043686
528,5.761707216230959
529,7.376557170477308
530,1.9912679363001018
531,6.3824088671559895
532,2.3919160703783944
533,3.3667573818589362
534,7.758435362692341
535,0.21637404328252086
536,4.166277791792579
537,6.258116776119488
538,8.22002079522056
539,-2.2251898976030775
540,4.778599690882254
541,4.700676932233572
542,4.218343013110397
543,8.309713178673622
544,5.305875491571736
545,6.735385816219394
546,6.281956898217977
547,6.203729459414607
548,2.3442602280731615
549,4.403632226396056
550,4.413832085616523
551,0.17624436886636974
552,4.793630031464361
553,1.4516765149078301
554,7.794332563480364
555,2.8353698520213744
556,6.778366242153464
557,6.144204591391808
558,6.238947609931237
559,2.2109307214934657
560,3.248640589986697
561,3.6876329766461766
562,4.369909905192656
563,8.276882339300702
564,2.1386700450284613
565,6.172970169876183
566,5.7470651624718805
567,5.279101709793922
568,3.6564060646216077
569,4.247630427973143
570,4.320320000384307
571,5.691959233950006
572,-1.6861313232463793
573,6.386239658858743
574,6.776946050529342
575,2.7617193590420035
576,4.586125913111484
577,3.3348322842632516
578,6.277792340354596
579,3.7921425278249563
580,1.7296555878856918
581,-0.30343974304335286
582,4.298638133162647
583,6.219233888765204
584,-0.3503190747957037
585,5.3191647410845135
586,6.785429254356481
587,3.0903996969151075
588,-2.7327956332145344
589,4.882319614206541
590,8.190072840770918
591,1.1097314580181696
592,5.792687827254142
593,1.9782767564347432
594,6.08317669313551
595,2.4673218168003563
596,2.3252448697501573
597,8.795003520428029
598,4.849991514671704
599,6.292036090756712
600,2.15320829167619
601,3.7863879188366756
602,2.322060601357106
603,-2.7208794283795728
604,4.269380230716671
605,-2.2815869793435826
606,6.391211175505071
607,2.2805121620085176
608,6.9124720266271
609,6.220792749395725
610,2.348090450639714
611,2.18889823980998
612,4.208248287085786
613,6.370684968416767
614,6.745459572790895
615,8.701388451814335
616,2.632011754614739
617,1.6842370158349425
618,6.163121956617012
619,1.4192444893019855
620,4.696841492356016
621,0.35256709297457833
622,-1.2599148433382203
623,7.796319452331151
624,5.219490743350168
625,2.752530314910517
626,8.238519216237684
627,4.22637524689597
628,6.6883651081407365
629,0.19601140039540188
630,2.242643024001252
631,4.217973800090031
632,3.9213981329401992
633,7.839501492861546
634,3.751211960356716
635,4.17435886201877
636,4.727717669080304
637,6.218478898269806
638,8.161891393282946
639,6.32450786419639
640,6.128946351505272
641,5.385592355948184
642,6.26988189271461
643,5.9648570503705365
644,4.1913166011883085
645,6.7248779125932
646,2.17856657076663
647,6.2917964721420265
648,2.7244975503438176
649,7.811238502115712
650,4.157473004008679
651,4.668917028671183
652,3.7515283299231084
653,6.290408418522053
654,4.257455289752358
655,4.367356479787532
656,4.180132197209793
657,2.3484769518036916
658,8.337931609875369
659,4.765058417783712
660,3.173667173505912
661,4.415554869570876
662,6.292775130818879
663,6.253695268180675
664,2.430118527942036
665,6.208794474630851
666,6.472789828234465
667,4.2730255102199655
668,1.7247259878767607
669,4.335699145691313
670,3.592296807298732
671,6.225247530087013
672,6.3127146701170505
673,6.394022269817978
674,4.2973237105748545
675,1.822964774644179
676,-1.7745244198435026
677,6.234993812222307
678,4.216898379536732
679,6.2629462825645446
680,4.2434596106596345
681,6.281109856744177
682,-0.08654038355745475
683,6.300457664104836
684,6.639116158575283
685,6.226371560836196
686,4.388458965968
687,8.299934987484958
688,0.12063131177862174
689,6.173277278876652
690,8.181804155196772
691,8.25200670151889
692,4.695331284906663
693,5.13371764656887
694,4.251855387868181
695,4.33945590381342
696,6.314348195525395
697,2.219309436794833
698,6.176408416347358
699,2.8674728499969113
700,6.151664108422719
701,4.255750528789331
702,6.122568564979628
703,8.759766143087923
704,6.27255371355976
705,2.249606234824656
706,3.196571472662873
707,3.7718329400873656
708,-1.759867751196173
709,7.288781567229619
710,4.245105484814259
711,4.3475270076090915
712,4.245802510463301
713,1.7049682653273
714,6.122614173220146
715,4.191601583976684
716,2.1385657080666256
717,3.930092489147005
718,3.2134136063159247
719,7.728833921474995
720,8.156036395580957
721,6.272994047358773
722,6.296428475538194
723,2.614698196965945
724,6.307301624772172
725,3.838462440109636
726,4.171106219268073
727,-1.8140324868264914
728,-3.3939113852409375
729,5.8521341152083854
730,-5.729038256521895
731,3.656369285575116
732,4.202279385440761
733,1.822327717758891
734,3.649385540378929
735,1.612969268337355
736,4.30370246736887
737,6.246268840483892
738,0.301987141066244
739,6.119511331711184
740,2.3736831672190095
741,6.212644406239216
742,3.7132294976777116
743,8.22631577657309
744,4.162884898788859
745,5.714900867911045
746,6.3067163868211535
747,6.334671158425998
748,6.3800003668282415
749,4.344001368825041
750,6.331764959927237
751,-2.1925691048926668
752,5.885917183224085
753,8.329389498055995
754,0.3247098265159064
755,1.7750235885167198
756,5.3290870644837085
757,5.755970865494741
758,2.784313806893571
759,6.2843707897807555
760,4.30880802659359
761,8.314437177534554
762,4.182413997427402
763,4.227819647800755
764,5.836073972002357
765,6.230012490429275
766,1.6644651843780907
767,3.778391192372635
768,5.9377915822131015
769,3.8254132288432183
770,4.191682596711631
771,3.7578490258442825
772,6.188421670080801
773,4.30578865976817
774,4.7328470832146285
775,9.181900741437735
776,6.33365273016546
777,-0.7225564266174771
778,4.4943384956569785
779,4.217361237277127
780,3.7659849126405303
781,2.417734126660783
782,6.00016868940725
783,6.320112793822961
784,4.149708842968361
785,2.3202480465886612
786,2.1485966115210617
787,8.136057149275947
788,8.177206674407302
789,8.372011246076042
790,6.232895860835202
791,3.3436449571814775
792,4.164810519755906
793,4.346727461109737
794,4.258559448503943
795,5.677471202463744
796,4.782439394003264
797,4.128771288281772
798,1.7871622930612863
799,8.19350817358027
800,4.215749177367954
801,5.748178688445073
802,3.6765337211757254
803,4.080235766124557
804,8.24546373620395
805,2.8787717310419314
806,0.7357137806241828
807,6.330449953204118
808,4.304004256382647
809,3.6944210117706424
810,4.271084569853449
811,8.681422969501625
812,2.1103928500496623
813,8.216734960923674
814,2.2637645291037356
815,4.148139692490882
816,4.102784733181786
817,4.355079762065688
818,3.326766120283834
819,0.2891501566782566
820,5.127651206549462
821,-0.447978097622848
822,1.7078696847533135
823,-2.183890777037166
824,4.279186186576456
825,2.3397743186480566
826,8.206607297694669
827,6.6400219065678066
828,5.789090130381343
829,4.195811798549567
830,5.200334898615331
831,3.6816307710295795
832,4.28463236795765
833,4.152657011361822
834,4.293787582299083
835,6.239949993536227
836,6.255224026662954
837,6.919590336583758
838,3.7170285541506005
839,6.3878975948788455
840,8.59745298660158
841,3.7556212353889014
842,5.751486987477979
843,8.255365712545082
844,4.808026140005219
845,8.366338012070376
846,6.241452788451389
847,4.253194662284942
848,2.3859609375123334
849,4.236758127106352
850,6.1039683882608715
851,6.350893325512331
852,6.12083802665862
853,7.799764008214403
854,-0.8102748979845902
855,2.2662228059054286
856,3.254893535762144
857,4.282397250229924
858,1.7651279581953783
859,4.212158744147075
860,0.3474874361016731
861,2.245319440341555
862,8.279173561716053
863,5.806477072241632
864,4.248452915981149
865,6.262662036252492
866,2.7351613098453686
867,8.354733826413764
868,6.117834362542056
869,6.103981227205312
870,-0.7489098049745204
871,6.222285106648345
872,5.7017315410888125
873,6.186198516117273
874,3.8748396122114017
875,8.140086344631703
876,8.304687404434118
877,3.3258314873536285
878,8.216701750600636
879,-1.7872736358228152
880,8.78344382923909
881,4.401997544733233
882,6.206114112973326
883,2.224033367413658
884,4.170171270371613
885,3.2317631873506247
886,8.296819386145224
887,7.654481127722407
888,3.677725806577816
889,2.335617036317458
890,4.689860096547419
891,5.69613518986437
892,-1.8934898481903342
893,4.323231408724219
894,4.220935956544559
895,3.6794978182474667
896,2.197893963333321
897,6.239036466440423
898,-2.2953688817688818
899,-0.817473933598778
900,4.822596330046841
901,4.780949610845258
902,3.6421349306569626
903,4.249897291792272
904,6.407498863172835
905,4.177318134895608
906,4.325278681260316
907,8.184803032899648
908,1.6630771261044734
909,4.671582186779084
910,6.174528801839663
911,6.267834339299058
912,6.779460412692659
913,4.269779310167546
914,7.594825935268547
915,8.104717942910346
916,4.199290860875141
917,1.8527257830282626
918,2.2435054589894334
919,8.716764388889235
920,4.178090976514197
921,6.263020072065734
922,4.646000891305453
923,2.740754197941582
924,3.2539176330396975
925,6.687530750575613
926,3.744362824308897
927,6.423612913438942
928,6.287739102548915
929,6.64996587834384
930,4.224356031656625
931,1.6381117178069606
932,6.2584956609057265
933,6.253600055570415
934,2.1831288683642187
935,6.1848395134710685
936,0.17092323105485052
937,5.866669729851246
938,3.9345931698257033
939,5.832279611425184
940,1.837590969841206
941,8.337912869272852
942,2.2779725329485703
943,4.282698250783103
944,4.28923688153542
945,2.109479139841829
946,6.155533719731897
947,6.708966884974567
948,-0.611811613770866
949,6.122559433410094
950,4.216218276790498
951,6.325071898091082
952,3.7832590615363735
953,6.362783151156832
954,5.719920121614546
955,6.196123465311404
956,4.239765228491288
957,6.757305726802716
958,4.270409876723055
959,2.3224286916806545
960,4.320403812447211
961,8.651256766963195
962,7.25030260324296
963,6.3602243894453245
964,6.242917680784599
965,8.732239531027256
966,1.6819731086950078
967,6.74951540279323
968,5.3652576038157
969,2.2417809470451235
970,4.361447580167699
971,6.317071389296373
972,4.187538954674265
973,4.240500467110705
974,6.366050237845712
975,6.1637591138128744
976,4.127010053292485
977,8.359200253633947
978,3.7432394970643363
979,4.369280402231525
980,1.751117880862124
981,5.738036542620082
982,8.649581854163651
983,2.713668917345642
984,8.214318120029699
985,2.799463400881633
986,5.749424647189717
987,2.2109960431470017
988,6.2740473727014
989,3.6495256311410893
990,2.2326923200480238
991,5.313434117875238
992,6.371964056855829
993,6.82535009479465
994,4.260639314716135
995,6.271668484942094
996,-0.31500393184289066
997,2.2148384791140994
998,0.33660176466771463
999,1.7091302849095136
1000,3.6647033087782033
1001,6.05783955457298
1002,5.909434398269789
1003,4.267072419232679
1004,2.2271163041084403
1005,-2.765067454902555
1006,4.202058662695352
1007,4.332353984820801
1008,0.23113862151437425
1009,4.158259232459169
1010,2.3250863299110742
1011,2.2618984206164487
1012,1.7827311171840705
1013,6.119426152455612
1014,6.1502181784800065
1015,1.8432062674645402
1016,0.28466570726454676
1017,2.3325451326343085
1018,0.362436028123968
1019,6.227843209470768
1020,6.160047461407476
1021,3.177371247316347
1022,1.802675647565609
1023,4.241982661152976
1024,8.35896359946627
1025,5.162997640338683
1026,6.381531936548403
1027,8.272323772718185
1028,6.321552918455438
1029,-2.3458761400999233
1030,8.200293888493016
1031,1.8830069020001408
1032,5.900037631905192
1033,5.8510840237114
1034,8.153097530046956
1035,5.182264725203476
1036,0.16105683221334866
1037,8.217897045638697
1038,3.8549232496380994
1039,3.806936970954143
1040,3.795253589039011
1041,6.278303294625299
1042,1.6755323392408101
1043,6.310127891083613
1044,6.853406107053662
1045,-4.84638010566076
1046,4.803443696352688
1047,3.654891322194594
1048,6.238503860607978
1049,-1.8551254542892721
1050,4.382538081928754
1051,6.3049254647844934
1052,5.755580029718647
1053,6.274356660233635
1054,6.229814323050594
1055,6.242490354526182
1056,4.2679436231472545
1057,2.5898410173945705
1058,6.292154708137011
1059,6.2960836495203845
1060,0.29954005815056217
1061,7.720488874377444
1062,4.312753869826642
1063,3.8530709332299424
1064,2.234600139455992
1065,6.1764674104380255
1066,-2.1372859245175846
1067,8.25659285553029
1068,2.366376329621633
1069,4.168029034864711
1070,4.363409217954519
1071,3.765849107864063
1072,7.736976592513932
1073,4.294485467877235
1074,7.7179569397075225
1075,3.756458957868278
1076,8.23323377066379
1077,6.134400681898914
1078,3.7537113898342147
1079,4.079547428678393
1080,4.327949339249806
1081,5.72163619182878
1082,6.3142338991307945
1083,3.1839701046259306
1084,4.737146273659093
1085,0.10979963143882854
1086,4.3959386432926175
1087,6.315733596172413
1088,1.7639119722077996
1089,0.7551175208714573
1090,6.213784462494467
1091,4.329245904521923
1092,0.30626502511199205
1093,6.322696918365619
1094,6.175190794717403
1095,8.224169085063211
1096,7.756343347681909
1097,6.194022643289828
1098,2.1411370869902537
1099,2.318339211804907
1100,2.3526751054444035
1101,8.266390127226094
1102,2.2932694139139986
1103,6.264895264173212
1104,8.08570012396401
1105,6.442699168743559
1106,4.155872182879163
1107,6.194590121037002
1108,8.175122692141992
1109,7.5109956835407745
1110,6.628616773617581
1111,6.2045336554347434
1112,4.288210802530367
1113,2.130494897649279
1114,6.0861756690367415
1115,6.186299448979342
1116,7.762601774128493
1117,6.351891899851
1118,2.2293756000719935
1119,6.318031145250216
1120,6.313816478213689
1121,4.142253381888022
1122,2.1294574449114383
1123,6.29493490293921
1124,1.6743328085624
1125,6.172296009632004
1126,4.291921075227077
1127,2.287936803409579
1128,6.221315745785731
1129,5.842620071170162
1130,2.311714754045654
1131,2.800110900401311
1132,1.7606270704826306
1133,2.357417853888627
1134,0.24579199813970976
1135,8.357612691421204
1136,4.3831076510183
1137,2.4359770988964295
1138,4.617765339581744
1139,4.199914915495439
1140,6.333536947885286
1141,2.2193838055012103
1142,4.760675882035431
1143,2.285836208476892
1144,-0.33134305356401594
1145,8.229898388359707
1146,4.304213506560592
1147,6.258223801427846
1148,6.191258317419317
1149,4.366188566800088
1150,4.259963556927808
1151,0.2886203676596788
1152,8.861999134188528
1153,4.306853924547541
1154,4.232600491909854
1155,4.322053966225346
1156,4.321847574192393
1157,-0.7605562806675621
1158,1.8158639116390303
1159,6.296124570158282
1160,4.6829994082335995
1161,5.736484709237828
1162,7.778568163210562
1163,8.227477022530758
1164,4.2042455381653046
1165,1.781605787198943
1166,4.6718043071384185
1167,8.67678048423114
1168,4.154123295030418
1169,2.1736098761685736
1170,6.146120615712777
1171,2.327544058266873
1172,6.672518070212742
1173,-1.7489068552899558
1174,6.703451570505489
1175,4.276587754810657
1176,4.40306305970108
1177,0.22426771870513074
1178,3.8481210766572906
1179,0.24946315134039476
1180,4.344282964132158
1181,-0.2011211501605178
1182,0.12278641176687766
1183,1.7419220050951076
1184,3.6340108485579785
1185,-0.4046632065988902
1186,2.217916629530136
1187,3.6080146624884324
1188,2.150845735472915
1189,4.138147767885753
1190,8.634690730147913
1191,3.795000820090444
1192,2.0937071072325724
1193,4.241823408104976
1194,-3.242686323208714
1195,6.237654680026508
1196,1.3924608441911777
1197,6.159501607280897
1198,3.315053631597827
1199,2.2444243246825923
1200,6.302961064615647
1201,8.316567778018626
1202,8.661594005837603
1203,2.3674890396379444
1204,8.333927846050603
1205,6.181511800544106
1206,6.294932725258706
1207,2.095654065400341
1208,6.764189781799001
1209,1.2953222388254377
1210,2.372886017617613
1211,6.207074614212925
1212,6.707852666570227
1213,8.684106601183814
1214,-1.664230428493245
1215,8.358242942789275
1216,6.27683293108914
1217,-0.20881363394675767
1218,0.20473531111430554
1219,7.7190872631732415
1220,8.210641455315944
1221,4.805104032496154
1222,4.610973072951333
1223,3.6535096062965877
1224,0.26952699062548546
1225,4.147797648341026
1226,6.220579825759989
1227,4.3200075704179755
1228,6.308809377873273
1229,2.2743623912377497
1230,4.11382865711499
1231,6.318694312728902
1232,1.77375428354292
1233,2.120548286956891
1234,4.29784802286211
1235,4.833206834961711
1236,4.061702902342984
1237,8.206910551943452
1238,0.22334538840307694
1239,6.243804639694735
1240,6.2481901614684645
1241,4.191910815402098
1242,6.275019768608126
1243,2.259981326251861
1244,5.653823000457427
1245,5.21423833634873
1246,2.6928681826152205
1247,6.3091122379964375
1248,6.254360798785766
1249,4.3032665201091564
1250,4.3344172820743605
1251,2.235642756124083
1252,5.255979616003891
1253,6.766130437373576
1254,0.277015648046273
1255,6.281559543614056
1256,4.245064006101947
1257,4.181111729356081
1258,1.727069372149044
1259,1.7303463976747466
1260,0.770343401562469
1261,1.2118084735995893
1262,8.10391652034086
1263,6.777919411463777
1264,6.1489172141981125
1265,6.150000675191712
1266,4.137199102780793
1267,6.238196864119967
1268,0.33525672634537906
1269,6.116296884403284
1270,6.3852250848772885
1271,0.23771015704102383
1272,8.787010452986417
1273,4.156376954962144
1274,0.24157737717304095
1275,4.275194146856822
1276,1.7986719555090347
1277,6.264565161316555
1278,0.29389244426073957
1279,6.361609914036128
1280,6.255545798783781
1281,7.861740940700141
1282,4.18268519599739
1283,4.1574547200690875
1284,2.2086796203184385
1285,4.24263260148564
1286,0.44473428207714094
1287,6.321173585692726
1288,8.168657711589601
1289,2.2513947583583476
1290,4.3533401901074695
1291,3.7421585444549734
1292,8.168304577015823
1293,4.350359602971455
1294,6.189586235127684
1295,4.227188609611978
1296,8.40106055070146
1297,2.3464060406353044
1298,3.6565654035293553
1299,2.176307753297463
1300,1.6957349713744903
1301,3.876833298737651
1302,-2.218086511190859
1303,6.666747303830496
1304,4.23694406398841
1305,8.348963065416891
1306,4.439385293519269
1307,3.2061816275502384
1308,4.1620243473251906
1309,4.254636272082385
1310,6.191435698743858
1311,4.145120645935852
1312,5.709025315468594
1313,4.098760447282769
1314,5.793412573337759
1315,6.2078497591994015
1316,6.233875725867954
1317,8.28056081648611
1318,8.387055406108752
1319,8.100906246366085
1320,4.305004134448893
1321,8.259346783449176
1322,6.340748066995682
1323,4.327467694541294
1324,4.666996552428778
1325,5.6631478838702805
1326,4.212086626740506
1327,1.6842290801474051
1328,4.342764890619034
1329,2.415855956294975
1330,-1.7463934490158306
1331,6.126448956497235
1332,6.314803389966143
1333,6.244583528541899
1334,6.338171757553107
1335,6.352373252108635
1336,8.237514146420452
1337,8.330214496414714
1338,6.387415355392527
1339,4.734187304754921
1340,6.384099617037747
1341,6.2589819277999785
1342,1.774530219450149
1343,5.785813467192819
1344,5.816328612688272
1345,6.267682353476754
1346,6.267200461521851
1347,6.047898066536071
1348,3.7619720767235965
1349,2.3003054169479444
1350,4.284317108853503
1351,4.121565291338803
1352,4.592269573296458
1353,6.222106372020047
1354,6.3447848864103635
1355,4.236318594173868
1356,5.832338447310073
1357,8.398444592894913
1358,4.1859146294292024
1359,4.128960591876309
1360,2.2149831840255283
1361,6.265980991839247
1362,5.73791385314197
1363,6.270640830202662
1364,0.33327760276557894
1365,4.381348020689789
1366,-1.8034563537318609
1367,8.181085378616611
1368,4.100882769687761
1369,1.609992538842031
1370,7.8760174277018375
1371,6.301793160722998
1372,4.239739508770839
1373,3.682364157224068
1374,6.253199819443691
1375,4.2167685797726495
1376,2.766134957844442
1377,6.299574499594185
1378,8.156061258841945
1379,4.352945716607564
1380,6.701168186648932
1381,-0.6317714252639117
1382,6.262778230373656
1383,4.374685639268487
1384,2.277281417872622
1385,2.1766055416156536
1386,5.199331298143236
1387,2.280456254930577
1388,3.839077341813995
1389,1.753173373961803
1390,2.3149461641295295
1391,6.330896191228907
1392,4.717054235039772
1393,5.742390178175002
1394,6.396365382730484
1395,3.69902790905683
1396,8.177690219587783
1397,2.125170941360223
1398,2.6954987899686356
1399,6.291463548990011
1400,6.740857682555147
1401,6.170351165293279
1402,8.170027266786407
1403,6.199157729612094
1404,3.805598689793756
1405,1.7099598602231993
1406,5.846776725667933
1407,3.305204890980976
1408,1.2569910778392395
1409,2.6370182687419135
1410,8.278141255791205
1411,2.2311485201620505
1412,2.2593260618049866
1413,1.80052052700179
1414,-4.809460780453221
1415,4.661676991230059
1416,8.276083020484501
1417,4.961715948130642
1418,3.2833340246180613
1419,4.358897067301494
1420,6.34972407641789
1421,0.07211008204576363
1422,4.219730246434574
1423,2.3167713738469384
1424,4.290288520983144
1425,4.335889599927138
1426,4.169911909966147
1427,3.7168102035780675
1428,6.768440979228789
1429,6.1887013114238885
1430,6.189727318161076
1431,4.745734882096498
1432,8.134861712111672
1433,6.20011590538509
1434,6.2448683592150225
1435,4.103229216679853
1436,6.392097743297404
1437,-4.170100096273493
1438,5.5938746383746425
1439,4.290600955575529
1440,4.140992228452522
1441,8.133219648529327
1442,8.270434637757804
1443,6.182325372447428
1444,2.3040995504977433
1445,0.2684329204864978
1446,2.244915732971325
1447,6.18404239212394
1448,4.204125035509229
1449,2.1294632626654213
1450,6.215182275171623
1451,2.303028146738688
1452,-1.7004070710271257
1453,0.27981983559862567
1454,6.2913894601531135
1455,4.211881028358398
1456,6.089841421976709
1457,6.289762568723562
1458,7.871645459765608
1459,2.1869333033920997
1460,2.2388710145945865
1461,4.211263721657453
1462,8.733027988019671
1463,6.3019584957022605
1464,8.312448170974514
1465,8.230238826941363
1466,4.197617117229982
1467,-1.8082503774162078
1468,6.176787387114391
1469,3.814823443313144
1470,4.241603205155527
1471,1.6606846017273384
1472,4.282851904691511
1473,6.686349791698239
1474,6.14281476933393
1475,2.304899928112161
1476,2.2822748607258285
1477,8.189265730476642
1478,6.347245270229518
1479,1.13429444579566
1480,3.6818247809966556
1481,2.2125346335111944
1482,6.261381702455118
1483,6.27060993003394
1484,-0.3899085082211391
1485,0.3230367068917118
1486,8.132898726400773
1487,1.74834981261965
1488,4.3203625201464835
1489,0.31277281808496915
1490,7.732142639061347
1491,1.8518258254919262
1492,2.2858494951593746
1493,6.30884675488307
1494,6.313392872249231
1495,8.74289679717187
1496,4.050837515533862
1497,4.269912558209696
1498,0.7648719007468849
1499,6.160384867216886
1500,4.345291754773158
1501,6.311267235238821
1502,4.282182650856922
1503,6.355237782141402
1504,5.785730908190823
1505,6.244163023384854
1506,6.27042598669898
1507,4.106043592695189
1508,2.214056610070981
1509,4.13909166203029
1510,7.835038988770915
1511,3.805192606472881
1512,8.16850344153728
1513,3.739247121234741
1514,4.194062300271904
1515,2.711371289112046
1516,4.73840103797606
1517,2.219022761666319
1518,8.336730912120483
1519,0.20751695805966763
1520,4.304949682049303
1521,2.206897420098801
1522,7.894197862247596
1523,4.421663739415674
1524,6.28821804570539
1525,6.288770397658363
1526,3.684153521090825
1527,0.24916534888946207
1528,0.12652917660046892
1529,6.1480136933638345
1530,4.381872837171459
1531,6.201450425056278
1532,5.674166509005946
1533,6.290199748101688
1534,6.3017824626445025
1535,6.291153196004485
1536,3.734009181192996
1537,1.6243496644859636
1538,4.682844687149634
1539,8.305637175158553
1540,2.1310455179629746
1541,4.143763699804929
1542,1.6683441104572634
1543,6.33067527443433
1544,4.284033102835502
1545,3.7249910204710095
1546,2.1555936821557107
1547,7.257811235178265
1548,4.223100934811924
1549,4.296758646996878
1550,1.719511192359597
1551,4.135119385339555
1552,6.298682365986617
1553,0.34474335320868166
1554,6.247697120655368
1555,2.3458307799027622
1556,4.35134194725678
1557,4.722855137648282
1558,4.854781057821512
1559,4.2623102853551975
1560,4.224145687939094
1561,4.30855421380667
1562,-0.27948655514564613
1563,8.761227674872254
1564,6.264790191513612
1565,6.231843042199611
1566,3.8787253668528288
1567,2.202555635555175
1568,6.281415496630534
1569,4.638323644100299
1570,8.372541739855949
1571,4.309557010824485
1572,4.1527689748232355
1573,4.744497307362291
1574,4.226090142955606
1575,-1.8365983886344228
1576,8.218251366849335
1577,4.276034467324338
1578,4.2580190634842285
1579,4.196853704758357
1580,4.77545470872238
1581,2.2858710634314967
1582,3.747148387093313
1583,5.804984286186594
1584,6.3269243580582195
1585,-0.14819724537734413
1586,4.354085383896285
1587,6.302053925088805
1588,8.764876157896854
1589,6.3784772543270405
1590,2.170158450061993
1591,6.113178758472399
1592,8.064730550896543
1593,6.183485690566582
1594,0.3287195444617297
1595,2.206152352487515
1596,4.701895506937137
1597,2.55834272602105
1598,0.26001822142199116
1599,4.078109324184055
1600,6.1702261633420985
1601,4.276787149489945
1602,6.651384227835691
1603,7.352408335174054
1604,4.323724924884126
1605,6.392302207269628
1606,2.656511157678029
1607,6.203446281273654
1608,3.714363933983368
1609,4.331070956654292
1610,6.728557429081444
1611,6.734813515263586
1612,4.417888626307983
1613,0.8420360853444082
1614,0.24808480590922033
1615,4.335922310839785
1616,5.99996922753061
1617,0.20253520739216313
1618,2.3668242105991157
1619,6.1942997797653625
1620,8.337376173824964
1621,1.7337374496607882
1622,3.7761295276158915
1623,0.21468092895706437
1624,2.2421467110787985
1625,6.2509102226874855
1626,0.4184798044962226
1627,2.274905661904682
1628,3.315502143808831
1629,6.175442625655194
1630,2.256152561459552
1631,6.245216740850358
1632,2.3862001955336147
1633,4.247309576741413
1634,6.180438425400031
1635,2.266089944126027
1636,8.102147195284648
1637,4.215553100496095
1638,5.693818110266641
1639,6.231084537799623
1640,6.171843799437593
1641,-1.641133336935951
1642,6.202432222232168
1643,4.214208363970012
1644,4.351645443718093
1645,4.301643479722793
1646,4.154915474473318
1647,6.1549738508082
1648,4.194957502161443
1649,4.27732234838761
1650,6.153647408008615
1651,4.290870137520987
1652,4.342241721882873
1653,2.3547686063590083
1654,2.1596696763160605
1655,4.42093535852621
1656,2.7283585167129325
1657,2.103845211301231
1658,2.2667403455115815
1659,4.369785194536567
1660,4.736884553282491
1661,9.222315632775118
1662,2.1753132744284978
1663,2.3401392330529083
1664,8.180293897573447
1665,4.28978885309184
1666,2.2911372691045986
1667,6.3699626510132905
1668,5.760622331635937
1669,4.8824920501206766
1670,2.7561759813542257
1671,8.38620618783807
1672,6.394554126698827
1673,3.7000391947814606
1674,2.276666801506697
1675,4.3960175055576265
1676,2.2310171765507363
1677,8.140138493307065
1678,8.27054865887092
1679,0.13178911146792027
1680,6.2138932565556075
1681,4.131692197099027
1682,6.164628418893469
1683,5.635222350329933
1684,5.722530359269019
1685,8.354012294848921
1686,6.625655156578077
1687,6.195324057661124
1688,6.211570358260144
1689,5.70987282185487
1690,6.339357618570121
1691,6.747768131647016
1692,6.339300225283357
1693,0.24227514587041188
1694,2.3333512630660445
1695,3.677282489151379
1696,6.676077539408103
1697,2.282687530360464
1698,5.747692124317565
1699,4.2697688936777105
1700,4.282308532393234
1701,5.773128203387374
1702,6.29228648333831
1703,3.731501321658175
1704,4.308020935085558
1705,7.872347186436214
1706,2.110707984043828
1707,1.2879556539034744
1708,-0.19007460968632972
1709,5.037191544049851
1710,2.177967053194593
1711,6.346509996899504
1712,6.3251133702214375
1713,4.288973630631163
1714,2.3310363986984983
1715,6.259221527135896
1716,4.189082466090953
1717,6.81037983874656
1718,6.274834348368739
1719,6.629705776650801
1720,7.812893166289447
1721,6.058894611384485
1722,8.118449728811552
1723,6.229568911914421
1724,2.3348467656308465
1725,4.193235490648577
1726,1.7273369511052457
1727,2.217835802200881
1728,2.2764593276252665
1729,6.834507089454892
1730,2.2322010636392564
1731,6.190581103141438
1732,2.1420014934782263
1733,3.6915051383822752
1734,4.303413775434863
1735,1.1143938448267865
1736,4.302440220748953
1737,6.7147057746077445
1738,4.209181621292672
1739,3.6744040751798224
1740,2.1246667957115695
1741,2.243586034018977
1742,4.766062235705721
1743,-1.8624004532535068
1744,7.908943313404803
1745,2.697463745183035
1746,4.228522112321018
1747,6.151856850148768
1748,-1.8211355113546872
1749,5.951029803056307
1750,6.320297697771561
1751,6.117746947409115
1752,0.19495028307790285
1753,3.7461646276810843
1754,4.337463870448512
1755,6.237825163928966
1756,3.373658186547864
1757,2.3366486252020398
1758,8.139666822375359
1759,1.7478675751307844
1760,4.2132746948398205
1761,6.389998650237523
1762,8.250626466776403
1763,1.6314328037441606
1764,4.235392188364253
1765,3.6768607256923587
1766,4.33959840774324
1767,4.237233823064669
1768,2.262301711218049
1769,6.32407933604509
1770,6.2032759704270495
1771,4.166557345481097
1772,8.295307412576957
1773,4.29004217416345
1774,8.207042855979928
1775,4.220393816182716
1776,0.10148601736170437
1777,8.381611482851937
1778,4.36075703442984
1779,0.24574395452195485
1780,4.410202433620242
1781,4.249693155068264
1782,4.240109292784142
1783,4.245622062758787
1784,-0.2824532889478346
1785,4.1891148860640435
1786,1.854803610608208
1787,8.252581773399232
1788,1.6877840399388453
1789,1.6994398279283915
1790,4.316492105320523
1791,3.641967793467642
1792,8.253950280792507
1793,3.7894019027225267
1794,6.200817223463925
1795,5.695461077367504
1796,4.274807417558111
1797,4.241194123259231
1798,7.7925906644442815
1799,4.249320042663776
1800,6.318538962620146
1801,6.149396479379139
1802,-1.7202591231616473
1803,7.94685282515616
1804,6.227628374672861
1805,-1.701657858433213
1806,6.380636363617305
1807,2.1707917791893276
1808,6.148889219688419
1809,8.295014243915455
1810,8.79934372007388
1811,2.248577284039201
1812,4.24255663452484
1813,4.80988069395216
1814,6.258317536463168
1815,4.232524264300958
1816,6.271480606985468
1817,8.243667390576912
1818,6.30135584430978
1819,1.7300888679748716
1820,3.1423250450686817
1821,4.248462170891504
1822,2.3231000733234324
1823,5.734632550758766
1824,6.303470351707842
1825,4.208135221217598
1826,2.2203645679199364
1827,4.156848487823783
1828,0.1795994202192961
1829,6.137013328892602
1830,4.431161028634548
1831,8.172237323582765
1832,2.3051683679299373
1833,6.2696787765362805
1834,6.652667295512018
1835,6.289237810560017
1836,8.17001485889985
1837,8.212532585170635
1838,6.2390714105738425
1839,8.28411889109456
1840,2.704430095378195
1841,6.212520033070337
1842,4.72905276072458
1843,8.353400145508065
1844,5.644499980121202
1845,6.285542561300743
1846,0.2516056332512967
1847,8.282162139581638
1848,4.259441881156457
1849,2.6413864992014933
1850,0.3652520600412621
1851,4.23520364106991
1852,2.2903575544381836
1853,3.8351688887783415
1854,6.274589580604541
1855,5.884605198653518
1856,6.250749092028181
1857,-0.24469367732389946
1858,5.734247520212179
1859,6.356989582685725
1860,1.7128556873159093
1861,4.21148152909299
1862,3.300227603384545
1863,3.599764617362605
1864,2.3092906110990796
1865,6.177825180362555
1866,-0.7231420619013609
1867,7.61434882410871
1868,4.829375397801053
1869,6.319312396740777
1870,2.265183107554914
1871,2.2248665963948957
1872,2.410659776037277
1873,2.288436992962265
1874,4.188418306898635
1875,8.317274409831272
1876,3.756724035666963
1877,6.247658181798927
1878,8.739047559419163
1879,6.223370165639005
1880,2.221476126308123
1881,4.284280868123047
1882,4.333688619729934
1883,1.8311206280369485
1884,2.309599991033893
1885,4.259728659942823
1886,8.193163804344545
1887,2.18712210909134
1888,6.210953885352371
1889,4.1996436950134095
1890,6.288971449458942
1891,6.167596530795607
1892,8.636205174088776
1893,4.366420484982415
1894,2.3380933491192897
1895,4.231905348646364
1896,3.784820104662124
1897,3.715454218108059
1898,2.345526537966211
1899,5.606663632188696
1900,6.146094339001518
1901,8.286294436552208
1902,6.222478014473796
1903,4.334016673451728
1904,6.337466370929533
1905,4.158350072164192
1906,2.162911337387795
1907,6.337324746489069
1908,6.171925562056051
1909,4.380628157432439
1910,2.2265060445479277
1911,3.676998328717328
1912,6.312331202279303
1913,6.284337016310537
1914,4.319919477951963
1915,6.208980768350654
1916,8.122207502509756
1917,2.7626326447494653
1918,5.8240569406966936
1919,2.3386619977895218
1920,6.287064421489325
1921,4.252057685220024
1922,2.0472998821472532
1923,4.088142317333473
1924,5.747127438797206
1925,8.154650769848175
1926,6.264114955047183
1927,2.2912610072905775
1928,2.350389545652017
1929,4.684007619096283
1930,3.84085944065502
1931,8.133549978790086
1932,4.381119706062364
1933,4.866070200918329
1934,4.282445276728956
1935,4.393147515593631
1936,4.18726025936253
1937,5.733411303788417
1938,5.809014817353219
1939,6.218864220074677
1940,8.151577112524322
1941,2.156848213996757
1942,4.1484628887213315
1943,8.22490141310262
1944,1.6665304482481402
1945,4.320070958953119
1946,7.752341993580481
1947,5.83358339898882
1948,2.2859330334121006
1949,2.226150269206235
1950,3.7491082069364605
1951,4.182399651238082
1952,2.181113147042137
1953,2.23133359652844
1954,6.148507221813315
1955,4.21982687510483
1956,4.367299511451323
1957,8.170845293404092
1958,4.232331196973324
1959,3.828487883174007
1960,2.2890370024739495
1961,6.154831989862928
1962,4.288269211197077
1963,3.7486152305888347
1964,0.32020791175159335
1965,4.328856698150335
1966,4.7576134488273265
1967,4.2313468631835125
1968,4.204590306452262
1969,2.1607051481244417
1970,3.8302359755698854
1971,2.32386594066139
1972,4.26135937231154
1973,2.138772165372865
1974,0.14312087879297564
1975,1.8418230328803544
1976,6.25663338765371
1977,4.271488593339728
1978,6.321008716547916
1979,0.7979565675387181
1980,0.16387178789612078
1981,4.225179911481751
1982,4.2461574843122065
1983,4.442089713116696
1984,6.531685619298182
1985,2.1762848166590603
1986,4.327913747968699
1987,4.3149693755825895
1988,4.218229312387297
1989,-1.8198119536315347
1990,7.774844719494297
1991,2.435965264476285
1992,4.307706763978385
1993,4.297937012114719
1994,6.6450313382921085
1995,4.292902496466087
1996,6.368926950945559
1997,8.264031054972072
1998,6.250321780798451
1999,4.364914453403131
2000,2.3014799060661497
2001,4.413981451619225
2002,5.2855352134877105
2003,5.778194981975016
2004,8.266084575693666
2005,1.5658195190682638
2006,2.3695473522628627
2007,4.366150865603803
2008,3.8224023589178553
2009,2.416590599772724
2010,6.145961535220078
2011,2.2227205088908164
2012,4.712221781201102
2013,4.294600566162744
2014,6.2327817479906695
2015,-1.3717840441208735
2016,1.7308433429989007
2017,6.212076834926367
2018,6.300563469609543
2019,6.3200823160558945
2020,1.9145792523595802
2021,6.253726423387198
2022,0.31340967825862676
2023,4.2484561731463915
2024,6.516949988214678
2025,4.222992370559923
2026,2.292388302898625
2027,8.31862002175747
2028,6.306398271373723
2029,4.293054436966017
2030,8.754321830338904
2031,4.135657691655016
2032,2.2488553488242355
2033,6.271142335970592
2034,3.7731540836949913
2035,2.7740621435321318
2036,4.695314978965446
2037,2.273470745669897
2038,6.643355338989243
2039,4.281796459246889
2040,4.305459978546782
2041,4.248456917430644
2042,4.193451525123331
2043,6.352074482145009
2044,4.26280069380352
2045,4.353867404219216
2046,4.772909439815552
2047,4.233832223523971
2048,6.227308960858963
2049,6.230670211174763
2050,8.192391874207507
2051,2.311877862352847
2052,8.305199688292358
2053,1.7553191143084512
2054,8.199747636019595
2055,2.2576158502550197
2056,2.220793180901989
2057,4.342084778005472
2058,2.171744647292812
2059,-1.218304470298101
2060,3.6513648351966
2061,1.6813015669612015
2062,3.321482494606248
2063,7.7819170221965095
2064,1.656162266869663
2065,2.345678675027466
2066,-1.706709894783605
2067,6.170862237342916
2068,2.149753995503894
2069,5.728983488807759
2070,6.642971280080786
2071,8.39219545904795
2072,1.7825622132489038
2073,0.8288826422992935
2074,4.813377892350255
2075,4.353611930495209
2076,7.796721705230683
2077,-7.646993273138129
2078,5.869258592453453
2079,6.3077098383288615
2080,2.3372440125821488
2081,7.271884776064752
2082,1.7936998784375195
2083,3.827875040276032
2084,4.711969664323465
2085,3.8434050238035407
2086,4.038353849679833
2087,6.267062195641956
2088,6.315279893157889
2089,4.2448059661279105
2090,3.609608323422536
2091,3.345756422231884
2092,2.2856391684149173
2093,1.4313754286264295
2094,1.2054721197975267
2095,1.7245841848591836
2096,5.656097616390599
2097,6.5711939077061965
2098,8.20254564070849
2099,3.775082955310028
2100,-4.233675679537747
2101,5.928528359513177
2102,8.244452198218951
2103,-2.2975695408169896
2104,-2.255090277126305
2105,1.2500141635606834
2106,2.8007089957494675
2107,6.205308812252594
2108,4.310979598984339
2109,1.6599804309324093
2110,6.358493845714245
2111,4.326486836359251
2112,4.196366702398335
2113,6.274199747696655
2114,4.244874183025402
2115,3.682906026541641
2116,5.784270409269583
2117,7.827064784028039
2118,4.298680352692495
2119,4.231186943456964
2120,2.1819734927808754
2121,6.35730215675493
2122,6.156048375014002
2123,2.7621082216280644
2124,8.220147812633106
2125,8.134925165291596
2126,-0.22320008613028408
2127,-2.7750045935612917
2128,8.304734669058234
2129,4.25163655546007
2130,2.16401699304197
2131,1.1632657909383537
2132,6.217437947315831
2133,4.37535273396803
2134,8.306410532144657
2135,3.7244684022833123
2136,4.318759787346199
2137,4.3448889158487685
2138,6.207886658019903
2139,8.137744722927792
2140,8.302685872579474
2141,4.332197489413867
2142,6.3275170969976635
2143,4.247257567344357
2144,4.091085727315175
2145,3.7493262790331388
2146,6.155151115796009
2147,4.347817764608333
2148,5.791205727718885
2149,4.267350880128503
2150,6.343889696232887
2151,6.182444186389419
2152,2.3914595217366768
2153,6.208258229168518
2154,2.2000075531431733
2155,8.365885783700778
2156,4.168376646346594
2157,6.2443326301606215
2158,6.285389588273099
2159,3.903338136892999
2160,6.32183904082428
2161,8.28466432788993
2162,4.174781891019483
2163,7.797770484239365
2164,2.2047913124936063
2165,8.146927049025956
2166,2.316926891939072
2167,8.270816694315945
2168,4.200224026056056
2169,8.247616381222901
2170,0.13431191654781416
2171,-0.37869018495593854
2172,8.274560414297916
2173,6.326751721124463
2174,2.138055972656365
2175,4.320517577148176
2176,3.7923446757550128
2177,6.236003319589056
2178,3.8217833904429677
2179,5.711554831411972
2180,2.234952425319954
2181,6.20357082843773
2182,-0.2346810322634314
2183,-1.773982534947604
2184,3.877599360274652
2185,8.223269215949173
2186,0.32502548423077404
2187,2.334393630010511
2188,-1.7792683187642546
2189,2.8040461610656253
2190,4.286508633722716
2191,6.1428773797427185
2192,6.342512231307202
2193,6.12130840539471
2194,8.371603417267929
2195,6.294607513553759
2196,4.3632725118188
2197,2.235178920513744
2198,6.1904752916768215
2199,3.669251425151594
2200,7.739115143917825
2201,1.8357254018006874
2202,6.170253703179276
2203,2.2580247875093864
2204,3.855242916595208
2205,3.8317316512646067
2206,8.202327500724257
2207,1.2611550137253469
2208,6.182204014757156
2209,7.730687345275557
2210,5.112639640019668
2211,5.229252280072456
2212,7.908418269489738
2213,5.7652017522325965
2214,7.313322559233667
2215,7.359189733726346
2216,8.32262027235536
2217,0.14098278956229648
2218,3.7146622548993005
2219,-0.24745866662490634
2220,4.188652684835088
2221,4.200190880488329
2222,2.3559103692043823
2223,4.2873266296651
2224,5.434594887230683
2225,3.745804999449269
2226,4.854758637212191
2227,4.913821735060478
2228,5.388843135518639
2229,8.323361678946117
2230,1.681405550553516
2231,4.253814582142451
2232,4.395206512320633
2233,7.707266353750397
2234,7.794706939539202
2235,2.173234165564302
2236,5.854474659963322
2237,-1.5407735228469326
2238,3.804585715047361
2239,-1.7200129170618303
2240,3.4230122538959296
2241,5.793785769585222
2242,5.813085915412253
2243,2.3235119959628587
2244,2.3414508234026874
2245,0.14030665454588287
2246,6.199648588934242
2247,5.706178356282395
2248,5.670144586419459
2249,2.8289673237439588
2250,4.218610985120553
2251,4.229454667440871
2252,2.3463693157318115
2253,4.356870033036325
2254,2.8182299951374254
2255,7.628421246450739
2256,8.195971706652518
2257,8.326298716512374
2258,4.1581967001535345
2259,4.201904007516646
2260,0.2818794824103068
2261,4.294015051849726
2262,1.716685805907944
2263,7.719533956115496
2264,8.164977697469052
2265,3.305956265753095
2266,3.8544571491244546
2267,3.83079846824901
2268,5.1179678173920164
2269,2.2676242361927748
2270,3.743142258151647
2271,1.8576601389966947
2272,6.249716062487922
2273,3.6799956697570533
2274,6.263900311703482
2275,3.8365680177798067
2276,1.274984181248421
2277,4.347936658193823
2278,6.300528313718221
2279,1.8884511847961425
2280,5.6948691624831556
2281,8.206734513530044
2282,6.171495525874541
2283,5.765091258378396
2284,3.782481420930673
2285,8.246939903876118
2286,5.311262214945918
2287,3.6542428244125396
2288,4.3590333733118305
2289,0.6123892560365274
2290,7.878092916070382
2291,0.42354153014550067
2292,6.754822565369969
2293,2.227053860590094
2294,7.867410580337311
2295,7.760009827146446
2296,5.619657371022316
2297,2.3644660896723284
2298,1.2088905695051153
2299,1.7877318855944784
2300,2.115680737331569
2301,5.9176177348400305
2302,7.137728813541045
2303,5.831980137710886
2304,2.7595087417880984
2305,4.091654923355714
2306,5.848074530475674
2307,2.1734959559222444
2308,8.453221480644856
2309,2.1464338025908907
2310,2.319226566830233
2311,4.236410745111348
2312,4.338530191032793
2313,4.230276952360359
2314,6.258689086492139
2315,5.889760942763893
2316,2.2531887458872473
2317,5.705116931245463
2318,5.730699237137624
2319,2.2205462169204
2320,2.2040311142852707
2321,3.7807836410878375
2322,3.7139191530750955
2323,0.2797911986490462
2324,2.3330980437504634
2325,5.3500243020643135
2326,5.658932194538647
2327,4.239156687385371
2328,2.1278089027323404
2329,5.292550894186774
2330,4.815158615488533
2331,-1.158563038118735
2332,-0.3254733487215188
2333,2.002424379704876
2334,7.64647479945676
2335,4.300165432137786
2336,6.269189168815201
2337,6.229782767300151
2338,5.193961397329945
2339,3.6931631888703738
2340,3.1860234552894195
2341,5.642450040822447
2342,6.224474331755115
2343,8.305454719373166
2344,8.171756783803744
2345,6.291017630194801
2346,1.6443088087827218
2347,5.678343119021402
2348,4.681490433067139
2349,7.7551084536862565
2350,5.901491296289134
2351,4.3251902749536
2352,6.378419487751012
2353,2.350224413801564
2354,3.62206790721791
2355,-0.20419304666289795
2356,4.401024494082503
2357,3.6637248103196156
2358,6.321131606226274
2359,4.147161088951476
2360,7.696594763932534
2361,2.133278100712423
2362,1.771470119527008
2363,0.23948307970593952
2364,4.272126908923251
2365,6.220048195595812
2366,-0.2692332445992023
2367,8.274193716486604
2368,4.0907686724220325
2369,7.6766234920362555
2370,5.794079815889208
2371,6.242487553648657
2372,8.292929382867124
2373,0.25594226863723724
2374,-3.7038148800600763
2375,6.140212755208914
2376,6.218476633976782
2377,5.729237267927766
2378,3.30888879591454
2379,1.2446029961774507
2380,-4.302924493629431
2381,-0.16818393902979023
2382,4.638219829471656
2383,4.120056867533539
2384,4.191007917554078
2385,1.7161503811099614
2386,4.194160484321209
2387,4.064984232133851
2388,3.739806357099936
2389,0.2808977558164558
2390,8.147641394583435
2391,8.175620538133222
2392,5.860480071187793
2393,4.223160061282696
2394,2.283493404714661
2395,2.3170425648631774
2396,2.7776360075774496
2397,6.23974684691705
2398,2.343339002055847
2399,5.750610114367549
2400,2.2412238180349977
2401,6.2692944614634705
2402,6.8008305982775425
2403,3.8444393352995205
2404,3.206288588382251
2405,4.337182008968287
2406,8.221195801104159
2407,6.133120764487271
2408,6.36550603529397
2409,2.2738404505999297
2410,6.725634760796607
2411,4.124422377775302
2412,-1.7161043983654483
2413,5.672918323478077
2414,8.270268273981696
2415,2.0211753634466674
2416,4.765724510412608
2417,4.162161554936678
2418,6.3071215134090295
2419,5.76262283292999
2420,5.837044394945124
2421,2.1117863401181816
2422,6.099298791227376
2423,6.086821329024252
2424,4.2561203077093746
2425,5.71836823859895
2426,3.9309934841888956
2427,7.8324841998082135
2428,8.192116620639613
2429,3.737585009863901
2430,6.227941480567489
2431,5.701765674511634
2432,5.896959175970128
2433,4.2765205397082635
2434,3.7155197540832647
2435,8.261256999321802
2436,1.638902066946232
2437,0.14851624804636887
2438,1.772861692105978
2439,7.803801132895992
2440,-0.2566548843722607
2441,3.7928160582068937
2442,4.260173778515438
2443,8.17111774040525
2444,3.656333275537825
2445,1.7744655657656836
2446,4.346899874547432
2447,6.251951720843514
2448,6.580158770958655
2449,5.705314919070865
2450,8.680647877934778
2451,4.231752537643164
2452,6.370976538563352
2453,5.870129624632036
2454,-0.6647955976500488
2455,-0.7518491521916966
2456,6.375759756356216
2457,2.2166130256341026
2458,4.347548980330179
2459,4.37183973605324
2460,-1.7083761576463243
2461,5.753546774582529
2462,1.9665945107918634
2463,5.598495759913734
2464,-0.8178843636313639
2465,2.6799111912600235
2466,5.665968518699408
2467,0.36886012918208233
2468,3.171251313411027
2469,6.21238301756544
2470,6.803069142851143
2471,2.784639840160205
2472,1.7847902056546334
2473,-0.7862726778829918
2474,3.81804960202561
2475,3.7003227759012143
2476,2.3229470833216688
2477,3.8129130601380097
2478,3.2309571694231107
2479,2.270308923177941
2480,0.22924742425076894
2481,3.8423150958156347
2482,3.1716116682486963
2483,2.177502293575813
2484,5.821789918797517
2485,5.758495856783191
2486,3.2415854798174086
2487,6.169698659354926
2488,2.1660147335949063
2489,4.189977649301152
2490,3.7832826662978616
2491,2.0151752437999035
2492,4.190280508631814
2493,2.3308677603347627
2494,4.249518407708926
2495,7.729723848617671
2496,6.273425229378783
2497,7.2118210297259715
2498,3.644688114168633
2499,5.763527523680054
2500,5.900897789783775
2501,5.7775446269519835
2502,6.353132685866787
2503,6.3779430628450395
2504,6.290382021669769
2505,5.601257719069375
2506,4.33697164165687
2507,2.2446971815134056
2508,6.1496196306386
2509,-0.3052215042731238
2510,6.346925737012935
2511,-1.8040474348757263
2512,4.362239733476943
2513,4.220125937151257
2514,4.1156864270305356
2515,6.368621119531727
2516,2.2471660239922384
2517,6.256767568572178
2518,4.238901835392987
2519,5.811043375678459
2520,6.2563766326133186
2521,1.7789689181940562
2522,-2.319936935297774
2523,-3.782568607708761
2524,4.68204090365546
2525,6.314620727344583
2526,6.245009316366472
2527,0.3317498516921358
2528,3.2094780449715774
2529,1.8428854793107652
2530,8.218183775786793
2531,0.30086767024372985
2532,4.216515814550404
2533,8.225521299890172
2534,9.233740806211474
2535,6.399578913569125
2536,8.352874053686397
2537,2.320589277703782
2538,6.2931817903587
2539,6.313852646072869
2540,4.2360387007823395
2541,6.160705554640719
2542,5.781027597658975
2543,0.2104280612155751
2544,-0.28254833433548887
2545,4.652715041296829
2546,4.300780425666815
2547,-0.7831858168183011
2548,2.2261925812905234
2549,8.217775651254923
2550,4.19966809427683
2551,-0.24362032001701617
2552,2.2740536879670636
2553,6.218695909065749
2554,0.8195503713093388
2555,4.1968906254069465
2556,6.097078342247245
2557,2.294181056998419
2558,2.3127555510847415
2559,4.317960118694782
2560,3.8074752674149854
2561,6.578089625488666
2562,3.7824119249751753
2563,6.308201288262412
2564,5.750483258805157
2565,6.0345231418945
2566,-0.6868108228217511
2567,7.814047626107922
2568,4.139390948311146
2569,3.74135394764556
2570,2.175350028720416
2571,2.22461745450249
2572,4.168265904940769
2573,2.3606312087528476
2574,6.619002286140672
2575,1.7186139759617676
2576,2.231211550875058
2577,0.7481958572299047
2578,6.126078392538742
2579,4.3117947951130775
2580,0.21696701525845885
2581,8.14753668833767
2582,6.142538704181241
2583,4.1470291412840385
2584,6.768673589551412
2585,5.809004212218765
2586,2.8461350145125364
2587,5.206180922208776
2588,2.195108396164244
2589,4.221825532050517
2590,3.729896007422977
2591,0.23853809863872044
2592,8.30387490640379
2593,4.158258232653142
2594,7.3972663455832315
2595,5.825897821476559
2596,5.842004491590573
2597,4.725146549410194
2598,3.212624119995566
2599,8.182696316989388
2600,4.129385177538421
2601,1.8500477801172828
2602,6.179848198324689
2603,2.3027485272293955
2604,3.9011753719654862
2605,5.736749374729661
2606,4.2760412350484955
2607,4.378416274709913
2608,3.9035439712868656
2609,1.6694809853701809
2610,5.7371374356138665
2611,6.712916836849482
2612,2.1358459245362607
2613,1.7753028003962341
2614,1.8565047415059728
2615,8.249479729872993
2616,0.27111609859706576
2617,2.2798329322793367
2618,6.234385944542613
2619,4.34061122770089
2620,2.1538075804255437
2621,6.331610117378275
2622,4.2736693388232885
2623,2.1692376766714867
2624,8.246453275820263
2625,6.376759652445815
2626,-1.5700070248585418
2627,6.236899108774155
2628,4.313936767801696
2629,1.7481723838506276
2630,6.258805180243542
2631,2.2521685817534216
2632,6.278509886043207
2633,4.130110257494961
2634,8.295582847878663
2635,1.8822205216543808
2636,8.296395305485543
2637,4.308415871407409
2638,8.205225426347187
2639,4.24923611193023
2640,1.9270567437725865
2641,4.20543099916836
2642,4.265258517250368
2643,2.1727722163230667
2644,3.78907602597123
2645,8.150175943486472
2646,2.172788392249868
2647,2.291934283918738
2648,6.275428251103083
2649,2.3757730025552233
2650,6.3905852921993045
2651,4.287381272561707
2652,4.19899486015157
2653,5.754016750960369
2654,1.974504327702594
2655,4.310112117339199
2656,6.365575734890045
2657,3.667760284883983
2658,2.094667703684877
2659,7.654031978916668
2660,8.325559362800346
2661,5.685414073868577
2662,5.846753036096807
2663,3.6697611842623514
2664,8.65926026278218
2665,3.909678894249846
2666,1.7403107655827117
2667,4.58888800555159
2668,6.246472220409566
2669,2.3254748683618987
2670,7.843984893793652
2671,4.227547121785842
2672,4.181828660982242
2673,-0.21152113800118866
2674,6.6580959095430226
2675,4.655103246524083
2676,4.372386335930077
2677,6.289419018042467
2678,6.243972329984226
2679,6.293680430580135
2680,1.7469852293534018
2681,0.25619231095862016
2682,-3.636855261246502
2683,4.259309965980393
2684,4.69866106837998
2685,4.234621479143483
2686,3.6530689433440333
2687,5.816517978843782
2688,6.2056701216548245
2689,6.20082786441863
2690,3.7376200741719505
2691,5.761607334656871
2692,5.825230233831726
2693,2.254657100598253
2694,6.250851433542005
2695,8.281820669621535
2696,3.8442987614148874
2697,3.4184016453100012
2698,8.100329254474369
2699,0.250029854159744
2700,4.771024958272792
2701,4.330461153577802
2702,6.212985807290193
2703,5.780852440810888
2704,5.926845661915461
2705,5.720510990761633
2706,3.789538182925264
2707,2.7676170271740785
2708,6.2506910770567305
2709,6.264918544215126
2710,5.25472983920007
2711,8.415636243525203
2712,6.2627040465035035
2713,4.84243219475149
2714,2.6665722859125762
2715,6.597815668537245
2716,1.884701308071523
2717,6.1537689206982975
2718,8.115098349062645
2719,6.319057961072096
2720,-0.24652155576714208
2721,7.356495988817475
2722,3.2685452988200026
2723,0.27705478294007624
2724,0.28834779499279894
2725,2.162388102495921
2726,5.803408839966604
2727,-0.7264704294984966
2728,5.872157220193833
2729,1.8365757083588639
2730,0.23082968047711727
2731,4.379409193735209
2732,4.468555837662464
2733,2.4633774541294926
2734,6.2567763757802
2735,6.157027047529974
2736,0.2146427663945718
2737,2.1248016836525343
2738,2.7096827792178555
2739,3.776774147031379
2740,6.18141318742214
2741,4.194416805461467
2742,4.357576860003459
2743,4.348149959744928
2744,6.124058131306354
2745,4.231360547493272
2746,2.302795292686322
2747,2.1727474228717942
2748,-1.5743075487998959
2749,6.288276463117266
2750,4.321966183613595
2751,4.282031413258154
2752,-0.3057382351402125
2753,-0.09888647159764097
2754,0.1852789068143279
2755,6.257715604988345
2756,4.286305100597454
2757,2.1426315742055815
2758,4.3008190704071305
2759,3.8383085800425576
2760,3.727035094051724
2761,8.326286692360199
2762,-0.21286571969064383
2763,8.191655171510773
2764,5.897581052813219
2765,8.183652563004188
2766,4.119427819515716
2767,5.845036613421954
2768,4.133606537352412
2769,-0.25574480175788383
2770,6.798931165929548
2771,5.81224638757969
2772,6.380195749982256
2773,4.263052543178134
2774,5.79958163932314
2775,7.828883621623397
2776,2.3507372765660053
2777,4.639719506966147
2778,6.164162245435391
2779,4.234162357437933
2780,5.702814413219635
2781,5.790381038827204
2782,5.728417456851064
2783,2.2411954555380804
2784,4.297801425344561
2785,4.644655815982588
2786,4.233947823575045
2787,2.306420072282326
2788,8.319220114294076
2789,4.323337617874397
2790,8.398271152038497
2791,4.395792037483179
2792,4.274594576810029
2793,2.165581348750007
2794,2.227571388502019
2795,2.6980306712900197
2796,4.196268338539131
2797,2.254226132496027
2798,8.242988885040695
2799,4.408963755661119
2800,1.6661541314504327
2801,8.22360208330845
2802,6.143087538784502
2803,6.319462835569674
2804,5.282796956160996
2805,3.8632310976640585
2806,2.3576513007259203
2807,1.7840049311937873
2808,0.18177512698495057
2809,6.174989755122942
2810,2.2345538173529422
2811,7.669208365794827
2812,6.1587677960319125
2813,3.5854357971611623
2814,-1.7595543415992536
2815,2.1686038905184337
2816,5.692777736107728
2817,0.29666711867445583
2818,8.303629961550564
2819,8.12610766325148
2820,4.300681059170652
2821,4.167146980768086
2822,3.7755438457518253
2823,4.286268900626501
2824,4.311628479087455
2825,3.8376730211006085
2826,-0.2100318769050834
2827,6.744796567370677
2828,6.2986527011251106
2829,3.603194778908114
2830,2.234407141403197
2831,8.25421469511772
2832,0.29151039902681053
2833,6.255261113135111
2834,6.742367362480097
2835,2.186283998348083
2836,5.74015571719389
2837,2.842727996335902
2838,7.766068583907522
2839,1.3747045687954422
2840,6.268807924072496
2841,4.234052761134505
2842,6.262530287479348
2843,-4.184594896658929
2844,2.254025139325935
2845,4.321355688657782
2846,4.203667585371433
2847,2.3807237875151697
2848,4.321458205258732
2849,2.892816680050559
2850,5.2578897013037444
2851,-0.15179710775752708
2852,6.522815037635313
2853,4.23925303240754
2854,8.783557786467135
2855,2.7812735835737294
2856,4.368708222601903
2857,2.1864119448819377
2858,2.226985314256508
2859,4.224026522580455
2860,2.3971580787006577
2861,8.349848286976945
2862,5.849795067915695
2863,7.627764003198741
2864,0.6777991870094138
2865,8.243748888521415
2866,4.17103535771397
2867,4.305394439649974
2868,5.887065581928356
2869,3.738594034225744
2870,2.4086974988057634
2871,5.792773890283715
2872,2.3287543749146824
2873,6.508925036586313
2874,5.726689247238152
2875,6.15375128380774
2876,2.297921340799976
2877,3.6491318120851277
2878,5.716123512079727
2879,0.26553766403770274
2880,6.254494135912948
2881,2.20681611725067
2882,6.261525230242031
2883,4.324393424522931
2884,0.3441585098996386
2885,2.1798587831600416
2886,4.156826439136392
2887,6.316847982052942
2888,2.2173843829311366
2889,8.226703126509063
2890,6.7550666517399485
2891,4.138161034962845
2892,5.336051213134942
2893,2.004264045514825
2894,3.886903080335776
2895,6.146034709314418
2896,2.13400506827802
2897,4.300062407366866
2898,8.259802845664739
2899,1.5535419310604472
2900,1.3984012760532782
2901,2.2951956499151525
2902,6.3593109070141844
2903,8.064821848160506
2904,5.695947844800171
2905,6.819408482605373
2906,4.384006902695519
2907,2.2505032388097352
2908,0.8234775397168321
2909,4.161815844215412
2910,7.719779518925058
2911,7.870086102984261
2912,6.316706855511712
2913,8.272024725993267
2914,8.291321718985818
2915,-0.21629562816434156
2916,0.18436118798065992
2917,4.239932529286127
2918,6.168229095741447
2919,-2.1854911358088494
2920,3.7697781875449845
2921,4.792127706059694
2922,4.111585713313168
2923,4.252117648072426
2924,6.288879437619569
2925,2.321854351637946
2926,3.3319340364979233
2927,1.7327336678517973
2928,6.476765335173484
2929,4.278431449169393
2930,6.790688014189489
2931,4.252060077645717
2932,5.263984521559442
2933,8.066871721857133
2934,2.2623764991481834
2935,0.14021394462872738
2936,4.834426096170695
2937,0.2803833280811421
2938,-0.1590274952016406
2939,-1.7811720356506635
2940,8.37149619861156
2941,7.760713854835765
2942,1.8069200379171395
2943,5.78503646023948
2944,6.762024699519785
2945,0.1967179245820968
2946,3.8700696028037322
2947,1.7101552541283485
2948,-0.15127172370144493
2949,6.166552621971518
2950,4.3135396866125735
2951,2.148760300038278
2952,2.7337056142007485
2953,-0.11714202601528778
2954,8.436576594412518
2955,2.326924742217571
2956,-0.6121414489445822
2957,4.248004686269428
2958,7.794386457532892
2959,3.7280944840358075
2960,6.351250802587343
2961,5.846097610748955
2962,4.666612482958476
2963,0.107613589563059
2964,2.232593461962561
2965,6.276553151818341
2966,4.268986866090678
2967,2.3116920754849106
2968,2.4682874396525145
2969,4.867759332978629
2970,4.393189070278639
2971,2.259953844812123
2972,8.440790388273083
2973,6.2706397685366335
2974,8.458663954943745
2975,6.133039875310178
2976,6.34474696298059
2977,2.175084592572417
2978,3.861230503399498
2979,1.9017627688302359
2980,5.224686382749482
2981,3.623771814413966
2982,4.303305797075703
2983,3.849421494804118
2984,3.917463639947418
2985,3.2056147447232775
2986,4.291561073260003
2987,6.294008715897608
2988,4.384841734942011
2989,4.3757022080546095
2990,1.7908532692369696
2991,4.133063597901994
2992,-1.886720727396573
2993,4.689239023936764
2994,2.2368863796774097
2995,2.2043704329426577
2996,6.773319061741022
2997,4.235600806038242
2998,2.2255951297730228
2999,6.283964363865384
3000,4.315104844590166
